employee_id,age,experience_years,department,job_level,training_hours,on_time_delivery_rate,manager_score,peer_feedback_score,sick_days,projects_count,certifications_count,avg_task_delay_days,perf_band_next
1001,59,13,Engineering,Mid,53,0.846,3,4,1,1,3,8.9,High
1002,50,8,Sales,Senior,52,0.098,3,1,2,7,0,0.2,Medium
1003,46,12,Sales,Senior,56,0.040,1,3,2,5,0,5.0,Medium
1004,27,18,Sales,Mid,89,0.515,2,3,6,8,4,8.3,High
1005,47,17,Engineering,Mid,55,0.464,5,3,6,7,0,8.8,High
1006,49,12,Finance,Junior,24,0.654,5,4,6,2,2,9.6,High
1007,45,29,Finance,Junior,64,0.846,2,2,5,5,3,0.8,High
1008,22,19,HR,Senior,3,0.744,1,3,5,1,1,7.0,Medium
1009,30,2,Engineering,Lead,89,0.681,3,4,6,9,1,0.2,High
1010,47,10,Sales,Senior,19,0.500,1,1,0,6,3,3.1,Medium
1011,37,19,Finance,Senior,37,0.951,3,3,9,3,4,3.6,High
1012,27,16,HR,Lead,42,0.695,5,2,8,1,1,4.2,High
1013,39,28,Engineering,Senior,88,0.276,5,1,6,6,3,2.9,High
1014,47,16,Engineering,Junior,88,0.586,5,3,5,4,3,1.9,High
1015,44,24,HR,Junior,54,0.865,1,5,6,4,3,9.7,High
1016,50,24,Sales,Lead,6,0.058,2,2,8,3,0,5.6,Low
1017,54,6,Engineering,Lead,26,0.089,2,3,3,7,4,1.8,Medium
1018,61,5,Finance,Lead,52,0.817,5,3,6,9,3,0.0,High
1019,47,22,Engineering,Senior,79,0.363,4,1,9,1,1,4.4,High
1020,27,14,Sales,Junior,10,0.218,3,5,5,6,4,5.6,High
1021,47,18,Finance,Mid,63,0.308,1,5,9,6,4,6.7,High
1022,44,13,Marketing,Mid,22,0.557,1,2,2,3,2,9.3,Medium
1023,51,16,Marketing,Mid,17,0.742,3,4,6,9,3,5.9,High
1024,35,0,Sales,Mid,7,0.791,4,5,5,2,4,9.9,High
1025,46,21,Sales,Junior,27,0.808,3,4,5,2,1,3.8,High
1026,50,13,Sales,Senior,95,0.390,3,3,4,3,1,8.6,High
1027,40,11,Sales,Senior,28,0.029,3,4,3,1,0,6.0,Medium
1028,52,18,Engineering,Senior,78,0.353,2,3,1,4,2,0.8,High
1029,42,27,Marketing,Senior,21,0.438,5,4,8,9,3,9.1,High
1030,36,6,Engineering,Junior,25,0.358,3,4,6,10,2,5.5,High
1031,43,29,Finance,Senior,52,0.617,2,1,2,1,0,6.9,Medium
1032,54,17,Sales,Lead,11,0.795,4,4,8,9,1,9.2,High
1033,36,3,Finance,Senior,47,0.833,1,5,9,10,1,6.3,High
1034,33,16,Sales,Junior,56,0.184,1,4,7,3,1,3.3,Medium
1035,46,0,Finance,Senior,41,0.595,2,1,1,9,0,2.6,Medium
1036,28,21,Marketing,Mid,32,0.814,4,2,4,9,3,6.8,High
1037,48,4,Finance,Senior,31,0.327,2,4,6,4,3,4.0,Medium
1038,36,25,Sales,Junior,19,0.444,2,2,3,2,0,0.3,Medium
1039,24,8,HR,Senior,91,0.668,3,3,6,4,1,3.6,High
1040,43,4,Engineering,Senior,66,0.650,5,1,5,5,1,6.6,High
1041,58,27,Finance,Junior,36,0.994,4,3,4,9,4,8.7,High
1042,33,26,HR,Junior,65,0.231,3,2,5,1,0,2.9,Medium
1043,49,23,Finance,Lead,24,0.938,5,2,8,1,1,5.8,High
1044,45,1,Sales,Lead,71,0.468,5,2,0,7,0,1.9,High
1045,41,19,Marketing,Junior,75,0.479,1,5,2,9,1,0.9,High
1046,61,9,Finance,Mid,14,0.522,4,1,6,6,4,7.2,Medium
1047,45,17,Marketing,Junior,56,0.491,3,1,2,9,2,1.3,High
1048,39,6,Marketing,Senior,22,0.238,4,2,0,4,3,7.0,Medium
1049,60,26,Finance,Senior,10,0.441,2,1,5,5,3,6.2,Medium
1050,27,29,Finance,Junior,46,0.875,2,4,2,6,2,6.5,High
1051,43,23,Sales,Senior,22,0.192,2,4,3,4,2,5.5,Medium
1052,23,24,Sales,Mid,96,0.636,5,5,5,4,0,5.4,High
1053,55,2,Marketing,Senior,77,0.749,2,2,8,9,3,0.1,High
1054,47,25,Sales,Junior,51,0.722,2,4,6,5,2,0.2,High
1055,58,6,Engineering,Senior,16,0.329,4,2,0,2,0,1.7,Medium
1056,36,28,Engineering,Senior,41,0.418,4,3,2,8,4,5.5,High
1057,32,16,Sales,Lead,8,0.791,4,1,0,8,0,6.1,High
1058,38,18,Finance,Mid,66,0.947,4,5,8,6,0,7.1,High
1059,37,29,Finance,Lead,65,0.781,4,1,6,10,4,8.6,High
1060,24,3,Sales,Senior,98,0.831,3,1,6,1,2,2.4,High
1061,37,11,Sales,Senior,0,0.271,2,1,1,7,2,2.0,Medium
1062,54,5,Engineering,Lead,28,0.843,1,1,7,4,0,8.6,Medium
1063,45,19,Engineering,Lead,39,0.522,2,3,2,7,4,4.9,High
1064,35,12,HR,Junior,27,0.114,1,2,5,9,2,4.3,Medium
1065,22,4,Sales,Senior,73,0.161,1,3,9,10,2,2.4,Medium
1066,28,10,Finance,Lead,88,0.302,1,1,3,3,3,7.7,Medium
1067,50,5,Finance,Junior,56,0.113,1,3,3,10,4,8.3,Medium
1068,50,27,Sales,Junior,52,0.298,2,4,4,5,3,2.1,High
1069,32,9,Marketing,Junior,51,0.412,1,5,0,2,3,7.0,High
1070,38,11,Finance,Senior,74,0.673,4,5,8,7,3,6.6,High
1071,38,8,Marketing,Junior,36,0.452,4,1,6,1,4,6.7,Medium
1072,60,26,Sales,Lead,87,0.143,2,3,4,6,3,5.7,High
1073,61,2,Sales,Mid,94,0.089,1,4,1,3,3,4.4,High
1074,60,12,Marketing,Junior,61,0.177,2,2,6,3,0,9.6,Medium
1075,50,21,Marketing,Senior,16,0.753,1,4,5,5,2,7.5,Medium
1076,31,26,Marketing,Junior,67,0.567,3,4,0,2,0,0.9,High
1077,29,13,Finance,Junior,21,0.293,2,1,4,1,1,10.0,Low
1078,61,10,Marketing,Junior,78,0.206,5,2,8,9,2,9.2,High
1079,54,22,Marketing,Senior,48,0.811,3,4,9,5,1,5.1,High
1080,35,0,Marketing,Mid,93,0.835,4,1,6,7,4,5.7,High
1081,61,14,HR,Mid,91,0.833,3,2,2,10,0,8.3,High
1082,31,21,HR,Lead,28,0.039,3,4,9,10,0,5.0,Medium
1083,47,14,HR,Lead,77,0.126,5,3,9,3,2,5.6,High
1084,32,11,Finance,Junior,69,0.389,2,2,2,1,3,4.6,Medium
1085,61,15,Engineering,Junior,36,0.904,3,4,7,8,1,5.1,High
1086,40,29,HR,Junior,55,0.365,2,5,7,5,4,9.2,High
1087,35,26,Finance,Junior,35,0.732,3,4,1,2,2,9.0,High
1088,33,21,HR,Junior,1,0.177,4,1,4,10,4,0.2,High
1089,41,0,Finance,Junior,75,0.970,1,4,4,3,1,2.3,High
1090,27,7,Marketing,Senior,80,0.143,5,3,4,9,2,5.7,High
1091,48,24,HR,Lead,3,0.576,4,2,0,1,2,9.8,Medium
1092,41,18,Sales,Mid,83,0.831,3,1,5,3,4,9.7,High
1093,55,3,Finance,Junior,68,0.663,3,5,9,10,4,6.8,High
1094,41,14,HR,Senior,29,0.516,2,3,5,1,3,8.0,Medium
1095,47,14,Engineering,Lead,56,0.808,5,1,2,7,4,2.1,High
1096,44,8,Sales,Mid,55,0.121,2,3,7,1,2,7.1,Medium
1097,35,29,Marketing,Lead,99,0.742,5,3,8,9,3,1.3,High
1098,29,8,Engineering,Senior,28,0.132,4,1,0,1,4,8.2,Medium
1099,59,1,Marketing,Senior,95,0.545,3,1,0,3,0,6.8,High
1100,60,26,Finance,Senior,72,0.586,5,4,3,8,2,7.6,High
1101,50,17,Engineering,Lead,73,0.526,4,5,8,6,0,1.1,High
1102,45,28,Engineering,Lead,90,0.019,3,3,1,9,0,4.6,High
1103,38,19,Finance,Mid,15,0.513,3,2,1,2,2,1.2,Medium
1104,42,3,Sales,Mid,59,0.339,3,5,8,3,3,3.9,High
1105,42,4,Sales,Lead,31,0.015,5,5,4,6,2,6.1,High
1106,25,9,Finance,Senior,32,0.131,1,5,4,10,4,4.3,High
1107,38,6,Finance,Junior,0,0.578,5,5,8,2,2,8.7,High
1108,28,29,HR,Junior,90,0.178,1,5,8,1,2,3.2,High
1109,25,7,Sales,Junior,94,0.074,3,1,7,6,0,8.3,Medium
1110,52,9,Finance,Junior,0,0.629,5,1,3,4,1,2.7,High
1111,49,28,Sales,Junior,17,0.698,3,3,7,7,4,6.3,High
1112,51,13,Engineering,Lead,18,0.873,3,5,3,2,3,2.8,High
1113,34,5,Sales,Lead,8,0.436,5,5,4,6,2,0.1,High
1114,39,24,HR,Mid,66,0.147,5,2,2,5,3,5.8,High
1115,42,3,Finance,Mid,26,0.300,5,1,9,8,1,0.2,High
1116,35,21,Finance,Senior,39,0.159,3,1,3,3,3,4.1,Medium
1117,33,21,Marketing,Junior,5,0.241,3,1,4,3,2,3.4,Medium
1118,38,25,Sales,Lead,62,0.437,4,5,6,9,3,1.6,High
1119,49,1,Engineering,Junior,57,0.934,5,4,7,4,0,7.9,High
1120,32,27,Engineering,Mid,28,0.347,4,5,7,4,0,3.0,High
1121,53,1,Marketing,Lead,38,0.097,1,3,7,6,1,1.6,Medium
1122,43,22,HR,Lead,92,0.611,3,4,7,5,0,6.5,High
1123,44,17,HR,Lead,72,0.389,3,5,7,10,1,8.4,High
1124,40,20,Sales,Senior,49,0.792,3,4,9,4,4,6.6,High
1125,45,15,Engineering,Mid,41,0.683,4,1,1,9,0,8.7,High
1126,30,10,Marketing,Junior,28,0.855,4,3,8,2,4,0.4,High
1127,24,26,Marketing,Mid,91,0.697,2,3,4,5,4,1.8,High
1128,32,11,HR,Senior,23,0.693,3,5,7,7,0,6.2,High
1129,37,7,Finance,Mid,30,0.152,1,5,2,2,1,3.2,Medium
1130,36,3,Sales,Junior,71,0.058,1,3,3,2,4,5.4,Medium
1131,34,22,HR,Lead,92,0.699,4,1,9,9,0,0.1,High
1132,49,25,HR,Senior,68,0.556,2,4,0,5,4,6.1,High
1133,59,24,Sales,Senior,48,0.915,2,2,3,2,1,6.4,Medium
1134,27,1,Engineering,Junior,99,0.264,5,3,3,1,3,7.1,High
1135,29,9,Sales,Junior,31,0.435,2,2,2,5,4,7.0,Medium
1136,25,12,Sales,Mid,52,0.594,2,3,9,5,4,3.7,High
1137,47,28,Finance,Lead,33,0.013,5,2,2,8,3,1.6,High
1138,58,18,Engineering,Mid,64,0.021,4,1,2,8,2,0.6,High
1139,49,29,HR,Senior,72,0.385,3,1,1,6,2,8.9,Medium
1140,24,29,Marketing,Mid,55,0.347,5,4,8,4,1,5.8,High
1141,45,10,HR,Mid,43,0.991,5,1,3,3,0,8.6,High
1142,58,18,Engineering,Mid,63,0.603,3,4,1,10,4,6.0,High
1143,47,16,HR,Mid,33,0.619,4,1,8,6,4,1.7,High
1144,54,21,Finance,Lead,17,0.821,2,1,0,3,3,0.8,Medium
1145,31,8,Marketing,Lead,18,0.475,3,2,7,3,0,5.6,Medium
1146,48,11,Marketing,Lead,99,0.223,2,1,5,10,3,1.5,High
1147,23,26,Engineering,Lead,13,0.354,2,4,9,6,4,8.4,Medium
1148,37,7,Sales,Mid,19,0.179,4,5,6,6,3,5.6,High
1149,54,18,Finance,Senior,51,0.028,5,2,5,3,2,1.4,High
1150,36,11,Finance,Senior,5,0.719,1,3,5,3,4,5.0,Medium
1151,53,5,Finance,Lead,83,0.355,1,4,8,1,0,5.6,Medium
1152,22,10,Sales,Lead,37,0.721,3,5,4,6,1,0.8,High
1153,38,15,Finance,Mid,86,0.025,4,3,8,10,1,8.5,High
1154,46,14,HR,Mid,43,0.935,2,5,6,4,3,2.9,High
1155,23,21,HR,Mid,12,0.726,4,1,4,8,3,7.4,High
1156,38,12,Finance,Lead,11,0.293,3,5,2,9,1,8.7,High
1157,23,0,Engineering,Junior,28,0.183,3,3,2,5,3,8.1,Medium
1158,25,8,Marketing,Senior,34,0.561,4,2,4,2,1,6.3,Medium
1159,58,16,HR,Senior,78,0.202,1,2,4,4,1,6.4,Medium
1160,24,0,Finance,Junior,87,0.977,5,3,5,1,3,8.5,High
1161,38,8,HR,Junior,0,0.895,5,1,2,7,2,4.0,High
1162,56,13,Engineering,Mid,4,0.440,5,1,1,7,4,3.4,High
1163,43,13,Sales,Junior,85,0.944,4,1,4,6,3,5.8,High
1164,27,27,Finance,Junior,58,0.059,3,1,7,3,0,2.3,Medium
1165,58,23,Finance,Junior,17,0.870,3,2,3,3,3,1.3,High
1166,25,24,HR,Senior,33,0.993,3,1,6,5,2,4.5,High
1167,53,4,Marketing,Lead,24,0.187,1,2,7,9,1,0.3,Medium
1168,37,4,HR,Junior,34,0.308,4,5,8,9,2,0.0,High
1169,31,0,HR,Junior,96,0.155,4,1,8,5,3,3.3,High
1170,53,13,Engineering,Senior,67,0.708,3,4,1,6,4,2.2,High
1171,45,26,Sales,Junior,28,0.380,2,1,3,5,4,5.7,Medium
1172,49,13,Finance,Lead,49,0.579,4,2,0,9,2,1.1,High
1173,41,14,Marketing,Lead,73,0.338,5,5,7,7,0,5.5,High
1174,49,18,HR,Senior,79,0.201,4,5,8,8,2,9.4,High
1175,26,0,Sales,Lead,6,0.495,3,5,9,3,4,5.3,High
1176,28,7,Sales,Junior,90,0.461,5,5,1,6,4,7.3,High
1177,61,14,Sales,Junior,10,0.528,4,4,3,6,0,3.6,High
1178,54,3,Sales,Senior,90,0.387,5,4,7,3,1,1.7,High
1179,45,22,Engineering,Lead,14,0.162,4,1,5,9,3,7.8,Medium
1180,35,5,Marketing,Lead,38,0.682,3,3,8,6,0,7.3,High
1181,30,11,Engineering,Mid,5,0.603,4,1,4,9,0,3.2,High
1182,42,13,Marketing,Senior,42,0.779,2,3,3,7,2,0.0,High
1183,50,7,Engineering,Senior,36,0.810,3,2,8,2,1,8.5,Medium
1184,52,0,Engineering,Senior,28,0.788,1,3,5,7,4,4.5,High
1185,37,12,Marketing,Senior,76,0.526,5,4,7,8,3,9.1,High
1186,25,23,Marketing,Lead,47,0.655,2,4,3,10,3,0.7,High
1187,52,12,Engineering,Junior,27,0.978,2,1,2,3,1,1.6,High
1188,58,19,Engineering,Lead,2,0.471,1,5,1,2,2,6.7,Medium
1189,55,29,Engineering,Senior,20,0.014,2,2,4,8,4,0.3,Medium
1190,55,28,Marketing,Mid,76,0.340,3,2,0,5,4,6.9,High
1191,55,8,Engineering,Lead,25,0.680,5,3,0,3,2,3.3,High
1192,44,7,Finance,Senior,49,0.119,2,5,4,10,2,2.9,High
1193,40,23,Finance,Senior,35,0.094,2,5,4,2,0,0.6,Medium
1194,22,4,Sales,Mid,49,0.693,1,5,9,6,3,8.8,High
1195,28,13,Marketing,Mid,74,0.382,5,1,9,10,4,5.0,High
1196,24,12,Engineering,Lead,85,0.916,1,4,4,2,3,3.7,High
1197,55,29,Sales,Mid,97,0.441,5,5,7,7,1,4.4,High
1198,60,12,Marketing,Junior,59,0.687,5,2,9,6,3,4.9,High
1199,59,28,Engineering,Senior,53,0.660,5,3,8,9,2,8.1,High
1200,36,18,Finance,Junior,90,0.930,2,4,1,5,1,1.4,High
1201,34,7,Sales,Mid,53,0.810,2,2,0,5,0,4.6,High
1202,27,23,Marketing,Lead,44,0.201,5,2,8,4,0,9.3,Medium
1203,30,0,Finance,Lead,88,0.530,3,4,8,3,3,2.0,High
1204,24,13,Engineering,Junior,63,0.035,2,3,5,1,0,8.6,Medium
1205,49,0,Engineering,Junior,64,0.017,2,4,7,1,0,2.5,Medium
1206,61,7,Sales,Mid,52,0.901,2,4,4,2,0,1.5,High
1207,23,11,Marketing,Lead,22,0.292,2,5,5,5,4,3.8,High
1208,51,8,Finance,Senior,26,0.959,3,1,9,10,4,3.1,High
1209,32,28,Marketing,Junior,36,0.810,1,3,3,1,0,7.1,Medium
1210,49,3,Marketing,Lead,75,0.799,1,2,3,5,4,8.3,High
1211,56,15,Sales,Junior,95,0.427,2,4,9,5,3,7.2,High
1212,48,1,Engineering,Lead,61,0.151,2,3,9,2,1,3.6,Medium
1213,23,2,Engineering,Lead,17,0.900,4,5,7,1,3,1.5,High
1214,26,2,HR,Junior,10,0.002,5,3,2,5,2,5.7,Medium
1215,56,26,Engineering,Senior,29,0.304,3,4,2,6,3,2.0,High
1216,42,26,HR,Senior,95,0.632,2,1,7,8,3,8.9,High
1217,23,23,Engineering,Junior,2,0.614,5,5,2,9,2,5.7,High
1218,58,1,Sales,Senior,25,0.302,2,1,4,4,3,5.9,Medium
1219,31,12,Engineering,Senior,22,0.414,3,4,6,5,0,3.3,High
1220,58,2,Sales,Mid,86,0.349,2,4,3,8,0,6.0,High
1221,44,20,Finance,Junior,10,0.832,1,4,0,1,4,5.9,Medium
1222,31,25,Marketing,Mid,1,0.517,1,2,6,1,0,1.9,Low
1223,23,8,Engineering,Junior,11,0.170,4,5,2,6,3,1.3,High
1224,23,3,Finance,Junior,7,0.218,4,5,7,3,0,4.1,High
1225,36,9,Marketing,Senior,47,0.609,2,1,4,1,3,5.1,Medium
1226,53,5,Marketing,Lead,66,0.345,3,3,2,8,0,3.2,High
1227,39,5,Sales,Senior,68,0.967,1,1,5,6,0,9.1,Medium
1228,46,11,Engineering,Junior,99,0.755,5,3,6,10,0,3.3,High
1229,45,1,HR,Mid,78,0.313,5,1,0,3,1,7.2,High
1230,44,19,Marketing,Junior,1,0.967,5,1,5,5,3,0.2,High
1231,35,4,Finance,Senior,14,0.199,4,2,3,6,1,7.9,Medium
1232,30,22,Finance,Lead,0,0.990,4,2,9,4,1,1.4,High
1233,42,7,Sales,Junior,43,0.209,4,2,5,6,4,9.9,Medium
1234,30,0,Marketing,Mid,4,0.312,3,2,8,8,2,5.8,Medium
1235,44,11,Finance,Lead,37,0.378,4,1,8,8,1,3.4,High
1236,34,0,HR,Senior,98,0.204,3,3,3,7,3,3.6,High
1237,55,27,HR,Junior,7,0.053,5,5,1,2,1,3.3,High
1238,56,26,Marketing,Junior,41,0.855,2,1,1,6,0,0.9,High
1239,41,23,Engineering,Mid,51,0.380,3,4,5,2,2,5.3,High
1240,53,4,HR,Senior,77,0.482,2,4,6,4,0,6.9,High
1241,45,11,HR,Lead,16,0.815,1,1,0,6,2,6.1,Medium
1242,43,28,Finance,Lead,87,0.314,1,5,4,7,2,9.1,High
1243,60,5,HR,Lead,65,0.116,1,3,4,2,2,4.4,Medium
1244,34,10,HR,Lead,51,0.395,3,2,0,4,3,9.6,Medium
1245,41,19,Finance,Junior,90,0.451,3,3,8,10,4,8.7,High
1246,42,27,HR,Junior,68,0.133,5,3,5,4,2,4.8,High
1247,61,4,HR,Lead,63,0.103,2,2,7,6,0,6.4,Medium
1248,53,26,Sales,Senior,14,0.477,4,3,3,5,2,8.5,High
1249,33,1,Sales,Senior,12,0.512,5,4,7,8,1,8.2,High
1250,56,0,HR,Senior,52,0.458,1,3,8,1,4,0.8,Medium
1251,34,25,Marketing,Mid,7,0.433,1,1,1,8,3,1.4,Medium
1252,31,12,Finance,Senior,53,0.752,4,1,9,9,4,7.5,High
1253,41,22,HR,Mid,65,0.725,4,3,3,4,2,0.3,High
1254,36,3,Engineering,Senior,4,0.681,5,5,2,5,3,8.3,High
1255,32,22,Finance,Lead,28,0.531,1,3,6,4,1,4.5,Medium
1256,38,11,HR,Mid,86,0.856,3,1,3,10,4,2.0,High
1257,47,14,Sales,Lead,70,0.720,2,2,1,8,2,4.3,High
1258,31,26,Engineering,Junior,77,0.902,1,2,9,1,0,6.3,Medium
1259,38,17,Engineering,Junior,50,0.231,3,4,7,3,3,0.8,High
1260,35,15,HR,Senior,22,0.999,2,2,1,2,2,0.7,High
1261,50,5,HR,Lead,31,0.703,5,5,5,7,3,8.0,High
1262,40,17,Engineering,Junior,14,0.865,3,5,0,10,4,10.0,High
1263,33,10,Finance,Mid,10,0.406,5,1,2,7,4,8.9,High
1264,55,4,Engineering,Lead,54,0.923,3,1,8,3,0,9.7,Medium
1265,29,23,Marketing,Senior,68,0.811,1,1,3,10,3,1.7,High
1266,22,13,Engineering,Senior,65,0.341,2,4,3,9,4,1.9,High
1267,40,0,HR,Lead,69,0.466,5,3,2,8,1,6.2,High
1268,40,3,Finance,Junior,90,0.872,2,5,5,4,1,7.6,High
1269,45,21,Marketing,Mid,78,0.698,3,2,9,8,3,6.5,High
1270,32,3,HR,Senior,55,0.481,2,4,1,3,0,4.9,High
1271,27,14,Sales,Senior,88,0.264,3,4,2,6,4,5.9,High
1272,49,28,Engineering,Lead,96,0.730,4,1,2,3,2,8.1,High
1273,35,16,Engineering,Mid,83,0.625,1,4,0,10,4,4.7,High
1274,43,5,Marketing,Junior,26,0.749,4,1,5,2,0,7.0,Medium
1275,27,26,Finance,Senior,11,0.096,5,1,2,5,0,0.0,Medium
1276,60,15,HR,Junior,77,0.025,3,3,1,6,3,4.1,High
1277,40,16,Sales,Senior,94,0.241,2,3,9,7,0,7.5,Medium
1278,53,24,Engineering,Mid,44,0.780,3,3,5,7,0,3.7,High
1279,33,12,Finance,Mid,35,0.707,5,1,7,8,2,6.3,High
1280,61,21,Sales,Junior,3,0.787,2,1,8,3,0,3.3,Medium
1281,25,14,Sales,Senior,95,0.394,2,3,4,2,1,8.3,High
1282,58,21,Finance,Lead,48,0.188,3,2,4,1,0,3.8,Medium
1283,34,19,Marketing,Junior,24,0.572,5,4,5,8,4,9.1,High
1284,44,3,Sales,Lead,84,0.034,4,3,8,1,3,4.2,High
1285,56,15,Sales,Junior,41,0.309,1,4,8,2,4,8.4,Medium
1286,32,7,Engineering,Lead,36,0.714,4,2,8,10,3,6.7,High
1287,60,19,Sales,Mid,76,0.324,2,4,2,7,3,0.3,High
1288,25,19,HR,Junior,55,0.473,5,5,5,9,1,7.1,High
1289,44,12,Engineering,Mid,58,0.355,4,4,3,9,2,9.9,High
1290,49,7,Engineering,Mid,42,0.814,1,5,2,1,1,4.8,High
1291,60,25,Marketing,Senior,50,0.710,1,1,3,10,0,5.2,Medium
1292,34,0,Finance,Junior,94,0.917,2,3,7,2,2,0.4,High
1293,23,20,Engineering,Lead,54,0.955,4,2,4,3,0,1.9,High
1294,24,10,Marketing,Mid,5,0.390,2,5,1,2,3,5.2,Medium
1295,56,17,Finance,Lead,22,0.489,3,5,2,3,4,8.8,High
1296,53,13,Engineering,Junior,2,0.179,2,5,2,4,4,7.5,Medium
1297,57,3,Sales,Senior,42,0.070,5,3,0,5,2,3.8,High
1298,46,2,Marketing,Senior,6,0.799,2,2,4,3,2,2.8,Medium
1299,37,23,HR,Senior,67,0.571,3,4,1,6,0,4.9,High
1300,54,11,Sales,Lead,45,0.139,2,4,9,5,0,8.9,Medium
1301,35,4,Engineering,Senior,67,0.969,3,2,7,1,2,0.3,High
1302,41,0,Engineering,Lead,20,0.002,2,2,8,8,1,6.7,Low
1303,51,17,HR,Mid,16,0.556,1,2,7,10,2,2.6,Medium
1304,40,1,Sales,Senior,26,0.781,3,5,2,6,3,4.0,High
1305,49,9,Marketing,Senior,78,0.255,4,5,3,1,3,0.2,High
1306,54,7,Engineering,Lead,70,0.216,5,4,0,10,2,7.4,High
1307,29,3,Marketing,Mid,92,0.723,2,5,0,2,2,3.3,High
1308,40,11,Sales,Lead,17,0.220,5,2,9,1,2,7.7,Medium
1309,52,4,Finance,Lead,17,0.793,4,4,2,4,2,4.6,High
1310,60,18,Engineering,Senior,68,0.423,3,2,2,2,4,4.7,High
1311,50,27,HR,Lead,98,0.532,4,2,3,6,4,5.0,High
1312,51,19,Sales,Junior,36,0.493,5,4,8,3,4,4.0,High
1313,39,22,HR,Lead,53,0.918,1,3,3,2,4,4.4,High
1314,44,3,Engineering,Mid,64,0.789,2,3,6,3,1,2.1,High
1315,58,25,HR,Lead,78,0.323,5,2,9,1,2,2.2,High
1316,32,10,HR,Mid,47,0.987,2,5,3,10,0,9.5,High
1317,47,13,HR,Mid,62,0.260,4,5,0,4,0,4.7,High
1318,58,23,Finance,Junior,70,0.230,1,3,1,1,0,4.2,Medium
1319,39,6,HR,Junior,19,0.585,2,1,0,2,1,7.0,Medium
1320,58,14,Engineering,Junior,95,0.569,4,2,7,4,1,0.0,High
1321,27,13,Finance,Junior,20,0.721,4,3,0,2,0,3.4,High
1322,48,17,Marketing,Senior,4,0.063,4,5,7,4,3,6.4,Medium
1323,31,13,Finance,Senior,19,0.572,2,4,8,9,1,7.1,Medium
1324,24,24,Finance,Junior,66,0.362,5,5,7,9,0,9.9,High
1325,48,29,Marketing,Senior,34,0.549,1,3,1,1,2,2.3,Medium
1326,57,4,Sales,Senior,55,0.135,1,1,3,6,3,7.4,Medium
1327,43,15,Engineering,Senior,65,0.546,4,1,3,8,1,3.8,High
1328,36,2,Sales,Junior,8,0.535,4,4,3,4,4,8.7,High
1329,29,15,Finance,Lead,33,0.106,1,5,1,2,3,0.2,Medium
1330,44,15,Engineering,Junior,52,0.451,3,5,1,8,3,8.5,High
1331,50,4,Finance,Junior,59,0.039,4,1,1,4,1,4.0,Medium
1332,57,8,Sales,Junior,49,0.925,1,2,6,10,4,6.0,High
1333,48,0,Marketing,Mid,56,0.409,4,4,7,1,3,0.5,High
1334,55,7,Sales,Mid,82,0.773,2,4,5,8,2,7.6,High
1335,50,0,Sales,Lead,93,0.478,4,2,0,4,3,6.4,High
1336,22,8,HR,Mid,94,0.774,4,3,5,4,1,6.4,High
1337,58,15,HR,Senior,29,0.402,2,5,3,10,4,3.6,High
1338,47,22,HR,Mid,73,0.167,4,4,5,3,1,5.7,High
1339,61,25,HR,Lead,21,0.244,2,3,9,4,1,2.8,Medium
1340,28,12,HR,Mid,97,0.042,2,4,1,10,3,8.1,High
1341,22,2,Engineering,Junior,15,0.227,3,1,8,6,1,6.4,Medium
1342,32,15,HR,Senior,58,0.680,5,5,8,4,4,8.1,High
1343,31,24,Marketing,Lead,61,0.484,1,1,5,10,0,0.1,Medium
1344,54,13,Sales,Senior,22,0.866,1,1,7,7,2,6.0,Medium
1345,59,14,Finance,Senior,72,0.380,2,2,5,3,0,0.8,Medium
1346,37,26,Finance,Mid,59,0.903,4,5,0,5,2,1.7,High
1347,47,14,Sales,Lead,42,0.723,2,5,3,2,1,6.4,High
1348,52,6,Engineering,Senior,82,0.136,4,5,4,9,3,4.9,High
1349,57,7,Marketing,Junior,18,0.101,5,3,6,2,4,0.8,High
1350,49,0,Engineering,Junior,93,0.532,1,3,9,2,3,8.2,Medium
1351,44,13,HR,Lead,90,0.669,1,4,0,1,3,1.7,High
1352,56,27,Engineering,Junior,28,0.829,2,4,8,4,4,3.4,High
1353,23,9,Engineering,Junior,51,0.009,3,3,7,5,4,5.8,Medium
1354,31,15,Finance,Senior,2,0.668,1,2,2,5,2,7.5,Medium
1355,39,8,Finance,Junior,98,0.850,1,2,9,2,3,5.2,High
1356,26,0,Finance,Junior,4,0.986,3,1,3,1,0,2.0,Medium
1357,23,28,HR,Junior,62,0.849,3,4,1,3,0,1.2,High
1358,59,16,HR,Lead,70,0.284,1,1,4,9,2,3.0,Medium
1359,61,4,HR,Senior,21,0.695,3,1,8,6,0,3.9,Medium
1360,36,23,HR,Lead,7,0.269,4,4,2,3,3,2.0,High
1361,54,3,Sales,Mid,35,0.694,4,1,1,6,0,9.5,High
1362,54,9,Engineering,Junior,99,0.150,5,5,7,8,1,8.9,High
1363,59,25,Finance,Junior,97,0.383,4,5,3,2,1,6.2,High
1364,44,22,HR,Junior,23,0.611,5,4,7,6,1,0.5,High
1365,51,10,HR,Junior,36,0.829,2,3,8,10,1,2.7,High
1366,24,26,Finance,Mid,3,0.308,3,1,0,5,2,4.4,Medium
1367,60,11,Marketing,Mid,53,0.925,2,2,7,5,1,2.1,High
1368,40,4,Finance,Lead,0,0.044,3,2,4,3,0,4.3,Medium
1369,45,6,Marketing,Lead,76,0.288,1,2,3,2,2,3.0,Medium
1370,61,3,HR,Mid,99,0.628,2,3,8,5,3,6.8,High
1371,32,4,Sales,Senior,57,0.745,4,4,8,2,0,2.1,High
1372,45,11,HR,Mid,37,0.735,4,4,1,1,2,7.7,High
1373,23,14,Marketing,Mid,49,0.827,4,3,1,9,2,3.4,High
1374,28,7,Sales,Mid,34,0.817,1,4,6,10,3,2.2,High
1375,36,5,Sales,Mid,42,0.319,3,2,9,5,2,5.9,Medium
1376,30,5,HR,Senior,87,0.392,2,2,5,8,3,7.1,High
1377,53,20,Engineering,Mid,60,0.053,3,5,2,10,1,7.5,High
1378,43,21,Finance,Senior,5,0.792,3,5,0,6,1,3.0,High
1379,52,17,HR,Junior,76,0.320,2,3,4,2,0,4.1,Medium
1380,23,28,Sales,Junior,97,0.193,1,3,4,9,1,1.3,High
1381,58,18,HR,Senior,29,0.797,5,2,1,10,2,7.9,High
1382,30,4,Marketing,Mid,9,0.284,5,4,4,8,4,0.3,High
1383,26,26,Marketing,Lead,85,0.840,4,3,7,6,0,6.9,High
1384,27,24,HR,Junior,74,0.488,3,2,0,7,4,7.6,High
1385,38,4,Sales,Lead,51,0.404,1,4,6,2,4,0.7,High
1386,41,21,Sales,Lead,42,0.394,5,2,4,5,1,0.6,High
1387,50,12,Engineering,Lead,14,0.551,1,3,5,3,3,5.9,Medium
1388,45,0,Marketing,Lead,77,0.283,1,2,0,1,0,2.8,Medium
1389,22,10,HR,Lead,88,0.740,2,5,9,2,2,3.0,High
1390,42,2,Sales,Lead,8,0.071,5,3,1,1,3,2.6,High
1391,41,25,Marketing,Lead,42,0.908,4,4,5,6,1,1.1,High
1392,31,24,Marketing,Lead,35,0.337,5,5,8,3,2,9.8,High
1393,28,8,Engineering,Mid,78,0.525,1,2,4,2,1,7.2,Medium
1394,31,22,HR,Lead,4,0.768,4,3,5,10,1,8.1,High
1395,60,22,Marketing,Senior,4,0.081,1,3,8,6,2,2.2,Medium
1396,49,26,Sales,Junior,32,0.761,3,4,4,6,4,4.9,High
1397,36,7,Sales,Junior,97,0.113,5,4,4,7,0,3.3,High
1398,29,17,Engineering,Senior,64,0.267,5,1,5,9,3,2.5,High
1399,31,13,Finance,Junior,57,0.825,4,2,6,2,2,3.0,High
1400,49,25,Finance,Senior,35,0.095,2,5,5,10,0,3.4,High
1401,57,23,Finance,Mid,86,0.220,4,5,6,2,1,7.2,High
1402,44,21,Engineering,Lead,46,0.365,3,1,3,8,1,8.6,Medium
1403,23,4,HR,Junior,59,0.669,2,2,1,8,0,3.0,High
1404,46,18,Finance,Junior,94,0.900,1,3,4,6,0,0.4,High
1405,27,10,Engineering,Senior,4,0.192,1,4,4,7,4,7.2,Medium
1406,54,18,Engineering,Junior,48,0.654,3,4,7,7,0,3.8,High
1407,49,15,Engineering,Senior,90,0.033,5,3,7,7,3,7.7,High
1408,23,22,Sales,Lead,26,0.946,5,1,0,9,3,6.4,High
1409,32,25,Engineering,Mid,64,0.896,4,1,5,9,1,4.7,High
1410,55,22,Engineering,Junior,42,0.152,4,5,8,2,0,8.6,High
1411,26,21,HR,Junior,16,0.920,5,4,4,3,0,6.2,High
1412,23,29,Sales,Senior,76,0.843,1,4,3,9,3,2.8,High
1413,28,29,Engineering,Lead,63,0.782,5,1,0,1,2,3.3,High
1414,29,21,HR,Mid,39,0.483,5,5,7,8,1,7.4,High
1415,48,1,Marketing,Senior,73,0.726,3,4,2,8,2,6.8,High
1416,22,3,HR,Lead,86,0.463,3,4,1,3,3,0.2,High
1417,42,13,Marketing,Mid,44,0.021,5,4,0,2,2,3.3,High
1418,41,1,Engineering,Lead,85,0.222,2,1,5,6,0,9.9,Medium
1419,51,6,HR,Mid,73,0.030,4,5,1,3,2,6.6,High
1420,27,6,Sales,Senior,35,0.980,1,3,2,7,4,0.2,High
1421,23,27,Finance,Senior,43,0.137,5,3,2,4,4,6.2,High
1422,32,18,Sales,Mid,4,0.217,2,1,3,1,1,0.1,Low
1423,53,8,HR,Junior,63,0.780,5,4,7,2,3,0.5,High
1424,36,22,HR,Junior,93,0.558,4,5,4,9,2,0.5,High
1425,55,17,Marketing,Junior,30,0.074,3,3,5,3,0,6.5,Medium
1426,59,14,Sales,Mid,51,0.654,4,4,0,6,0,3.2,High
1427,32,23,Finance,Mid,80,0.087,5,2,2,9,1,7.9,High
1428,60,11,Finance,Junior,6,0.876,5,4,3,4,0,1.0,High
1429,50,8,Finance,Junior,89,0.759,4,4,7,8,0,3.9,High
1430,47,11,Sales,Lead,14,0.110,4,5,8,10,4,6.4,High
1431,53,21,Sales,Junior,32,0.464,2,4,6,8,3,5.1,High
1432,26,29,Finance,Senior,79,0.535,4,5,4,3,4,6.3,High
1433,36,26,Engineering,Mid,79,0.494,1,2,8,1,3,1.8,Medium
1434,32,15,Engineering,Senior,86,0.765,4,4,0,10,1,1.0,High
1435,52,15,Engineering,Senior,53,0.377,4,5,2,2,1,2.9,High
1436,60,3,Sales,Senior,70,0.579,4,1,6,10,4,2.9,High
1437,61,24,Finance,Lead,14,0.671,4,3,5,1,4,6.3,High
1438,54,1,Sales,Junior,29,0.794,5,1,9,4,2,9.8,High
1439,43,0,Marketing,Junior,9,0.017,2,4,7,6,2,3.8,Medium
1440,37,17,Finance,Senior,33,0.904,3,2,0,7,3,8.9,High
1441,41,6,HR,Senior,68,0.361,5,4,1,9,3,0.4,High
1442,40,19,Marketing,Lead,69,0.302,2,4,0,5,4,7.9,High
1443,25,24,Marketing,Mid,26,0.141,2,5,9,2,2,9.5,Medium
1444,55,11,Engineering,Lead,83,0.013,2,3,9,2,0,0.8,Medium
1445,38,28,Marketing,Lead,78,0.422,3,1,0,4,2,7.5,High
1446,45,1,Finance,Junior,46,0.327,5,3,5,1,1,6.9,High
1447,47,20,HR,Lead,77,0.543,4,4,3,4,3,6.8,High
1448,34,26,Marketing,Senior,85,0.395,3,1,3,9,1,5.1,High
1449,37,10,HR,Senior,2,0.401,1,4,2,9,2,0.8,Medium
1450,45,16,Sales,Senior,75,0.828,3,1,0,6,2,7.6,High
1451,51,3,Marketing,Mid,34,0.864,5,1,4,7,2,8.6,High
1452,37,22,HR,Junior,6,0.886,1,1,7,5,0,5.3,Medium
1453,48,17,Marketing,Senior,48,0.024,1,1,1,1,1,3.5,Low
1454,37,15,Marketing,Lead,38,0.127,3,3,1,2,2,9.7,Medium
1455,50,3,Sales,Junior,27,0.598,3,5,2,8,2,7.7,High
1456,29,8,Marketing,Lead,20,0.371,3,3,8,2,0,2.9,Medium
1457,49,26,Sales,Senior,7,0.916,4,2,0,10,1,5.5,High
1458,23,24,Finance,Junior,47,0.811,4,5,3,4,2,2.6,High
1459,48,8,HR,Mid,23,0.413,1,3,6,3,0,5.6,Medium
1460,45,1,Engineering,Junior,29,0.488,1,2,7,1,2,9.8,Low
1461,48,8,Marketing,Senior,10,0.909,1,1,6,8,0,2.6,Medium
1462,23,2,HR,Lead,73,0.775,3,1,8,4,3,7.7,High
1463,42,10,Engineering,Junior,99,0.661,3,2,0,8,4,5.8,High
1464,33,2,Sales,Junior,52,0.595,2,5,7,6,4,0.5,High
1465,49,3,Sales,Senior,55,0.843,4,3,4,3,0,6.3,High
1466,40,10,Marketing,Lead,22,0.045,1,4,9,5,3,9.8,Low
1467,37,28,HR,Lead,82,0.752,1,1,5,5,0,4.3,Medium
1468,34,27,Finance,Lead,6,0.084,1,5,2,6,1,9.1,Medium
1469,45,22,Sales,Mid,29,0.639,5,5,7,8,4,6.3,High
1470,37,15,Finance,Mid,91,0.858,1,5,7,4,4,2.8,High
1471,44,4,Engineering,Mid,88,0.729,2,1,5,2,0,5.1,Medium
1472,60,29,Marketing,Senior,81,0.587,5,3,8,1,0,0.1,High
1473,42,1,Sales,Junior,3,0.198,5,3,5,7,0,8.2,Medium
1474,38,1,Finance,Senior,36,0.560,1,4,6,4,4,0.3,High
1475,43,15,Finance,Mid,84,0.596,1,2,9,9,4,5.3,High
1476,27,0,Finance,Senior,55,0.257,2,4,2,9,3,3.0,High
1477,52,15,Engineering,Mid,57,0.407,4,1,2,4,3,0.1,High
1478,31,2,Marketing,Mid,64,0.354,3,2,0,6,1,3.6,High
1479,25,22,Finance,Senior,4,1.000,2,4,9,6,0,4.3,High
1480,58,12,Engineering,Lead,47,0.484,1,2,5,6,0,8.0,Medium
1481,48,4,Sales,Senior,11,0.974,5,1,5,9,4,0.8,High
1482,52,9,Sales,Senior,95,0.039,4,3,0,4,0,1.3,High
1483,31,26,Engineering,Lead,15,0.713,3,4,7,6,0,9.6,Medium
1484,31,8,Marketing,Lead,57,0.535,5,5,8,6,4,5.8,High
1485,29,9,HR,Junior,70,0.429,4,2,6,7,1,4.1,High
1486,48,8,Finance,Senior,29,0.460,1,5,7,5,3,9.0,Medium
1487,43,20,Sales,Senior,86,0.201,2,4,1,8,0,7.3,High
1488,57,27,Engineering,Lead,27,0.161,3,3,1,7,2,3.0,High
1489,54,19,Marketing,Lead,51,0.004,1,3,6,5,4,2.3,Medium
1490,30,24,Sales,Mid,92,0.863,2,4,1,4,2,5.3,High
1491,57,16,Sales,Lead,85,0.914,3,4,6,5,4,4.7,High
1492,23,4,Sales,Junior,17,0.568,4,1,3,1,2,8.3,Medium
1493,42,14,Sales,Lead,40,0.770,3,3,8,2,2,7.4,High
1494,44,3,Finance,Senior,22,0.510,4,5,2,3,4,0.6,High
1495,52,13,Engineering,Junior,79,0.631,3,1,5,9,1,2.3,High
1496,22,14,Sales,Senior,17,0.331,2,4,7,2,4,7.6,Medium
1497,35,4,HR,Senior,83,0.563,3,2,2,4,2,9.2,High
1498,47,28,Sales,Junior,63,0.392,5,5,8,4,1,8.7,High
1499,43,17,Sales,Junior,56,0.059,5,2,1,5,0,2.6,High
1500,44,23,Engineering,Senior,21,0.589,1,5,4,4,3,4.0,High
1501,45,19,Sales,Mid,7,0.869,2,4,8,4,2,9.9,Medium
1502,31,24,HR,Mid,57,0.141,1,3,5,3,3,4.9,Medium
1503,23,7,Sales,Junior,10,0.266,2,2,2,5,0,4.8,Medium
1504,48,7,Finance,Senior,2,0.268,5,5,1,1,2,6.4,High
1505,26,25,HR,Senior,78,0.710,4,3,1,9,1,4.8,High
1506,27,6,HR,Junior,42,0.126,2,3,0,9,1,8.5,Medium
1507,34,2,Marketing,Senior,63,0.731,1,4,2,2,1,7.6,High
1508,53,22,HR,Senior,71,0.430,3,1,5,1,0,0.4,Medium
1509,46,9,Engineering,Junior,66,0.563,5,4,7,10,0,5.7,High
1510,39,16,Finance,Junior,28,0.829,4,5,2,2,0,5.2,High
1511,24,24,Sales,Mid,64,0.995,4,3,2,1,0,1.6,High
1512,39,13,Sales,Lead,25,0.983,2,2,6,5,4,7.8,High
1513,44,16,Marketing,Junior,12,0.923,2,3,0,4,2,0.8,High
1514,42,28,Sales,Senior,16,0.200,3,5,0,1,3,3.4,High
1515,42,23,Engineering,Mid,70,0.506,3,5,4,7,3,0.8,High
1516,50,20,HR,Senior,61,0.144,4,1,6,9,2,3.5,High
1517,22,25,Engineering,Junior,60,0.891,2,2,9,2,2,5.7,High
1518,42,6,Marketing,Lead,94,0.174,2,5,0,5,4,1.2,High
1519,51,14,Engineering,Senior,26,0.350,2,3,8,8,0,2.0,Medium
1520,34,18,Engineering,Senior,31,0.396,5,1,5,2,3,6.2,High
1521,61,22,Sales,Senior,59,0.420,3,3,1,3,4,7.7,High
1522,45,26,Finance,Senior,66,0.401,2,1,6,8,1,0.4,High
1523,40,21,Engineering,Junior,81,0.090,3,1,4,9,3,9.2,Medium
1524,30,10,Engineering,Mid,50,0.931,1,1,2,4,4,2.9,High
1525,58,23,HR,Senior,58,0.849,4,5,7,5,2,6.5,High
1526,59,14,Engineering,Lead,55,0.907,2,2,7,2,0,3.1,High
1527,53,2,Marketing,Lead,84,0.986,1,5,0,5,2,5.6,High
1528,31,15,Engineering,Junior,50,0.245,3,4,3,10,1,8.3,High
1529,39,5,Marketing,Senior,97,0.710,5,1,3,3,0,6.1,High
1530,46,4,Marketing,Mid,44,0.076,4,5,6,8,3,2.4,High
1531,32,28,Engineering,Junior,33,0.631,3,2,2,10,0,0.9,High
1532,43,13,Sales,Mid,73,0.718,3,5,1,2,4,3.5,High
1533,61,16,Sales,Mid,45,0.821,1,1,5,10,3,5.0,High
1534,48,21,Sales,Mid,96,0.309,3,1,5,1,0,3.5,Medium
1535,49,15,HR,Lead,30,0.268,4,2,2,1,3,9.1,Medium
1536,36,9,HR,Junior,49,0.663,5,1,0,10,3,7.0,High
1537,49,12,Marketing,Mid,8,0.947,5,5,9,6,3,1.3,High
1538,22,6,Sales,Junior,54,0.286,1,1,4,1,1,9.8,Low
1539,48,11,Marketing,Junior,85,0.838,5,5,8,5,3,7.8,High
1540,25,25,Marketing,Senior,87,0.505,1,5,1,6,4,10.0,High
1541,47,1,Marketing,Lead,90,0.320,4,1,4,2,4,2.7,High
1542,43,19,HR,Junior,90,0.146,4,1,9,3,1,5.7,Medium
1543,42,29,Marketing,Lead,26,0.554,4,1,9,8,4,9.0,High
1544,49,6,Finance,Senior,19,0.103,2,5,5,9,4,5.2,High
1545,53,12,Engineering,Senior,0,0.382,3,3,0,1,0,7.9,Medium
1546,55,19,HR,Mid,94,0.059,4,1,7,6,1,6.7,Medium
1547,56,2,Sales,Lead,27,0.856,5,1,1,6,2,5.8,High
1548,57,13,Sales,Lead,92,0.585,2,4,8,3,3,7.5,High
1549,39,28,Engineering,Senior,43,0.993,5,4,3,3,3,1.4,High
1550,26,14,Marketing,Mid,80,0.231,4,4,6,4,1,8.0,High
1551,57,0,Engineering,Junior,19,0.950,3,5,9,2,1,2.0,High
1552,52,18,Engineering,Lead,69,0.546,4,4,8,9,2,2.5,High
1553,53,10,Sales,Lead,37,0.108,2,4,3,6,2,8.8,Medium
1554,35,15,Finance,Senior,89,0.767,3,5,2,8,3,0.8,High
1555,32,19,Engineering,Lead,59,0.230,5,2,1,6,0,0.4,High
1556,22,19,Marketing,Lead,41,0.591,4,4,5,3,3,5.9,High
1557,29,29,Sales,Senior,22,0.210,1,2,8,1,4,4.4,Low
1558,45,13,Marketing,Mid,43,0.895,2,3,4,6,0,7.6,High
1559,24,23,HR,Mid,16,0.715,2,3,6,2,0,0.1,Medium
1560,48,28,Engineering,Junior,74,0.128,5,4,0,10,0,0.3,High
1561,45,10,Engineering,Senior,67,0.133,5,2,4,9,1,9.7,High
1562,29,22,Marketing,Junior,69,0.497,1,4,1,8,1,9.4,High
1563,31,25,Sales,Mid,18,0.282,3,4,0,10,0,7.3,High
1564,60,0,HR,Mid,55,0.013,2,5,0,5,3,5.4,High
1565,34,8,Sales,Junior,75,0.146,5,4,2,8,3,3.9,High
1566,46,2,Marketing,Lead,29,0.672,2,1,0,10,3,10.0,Medium
1567,49,7,Finance,Lead,20,0.530,1,4,2,9,2,7.8,Medium
1568,31,15,Marketing,Senior,51,0.745,1,3,3,3,3,8.4,Medium
1569,22,19,HR,Mid,16,0.209,4,4,1,5,0,8.4,Medium
1570,26,7,Marketing,Senior,1,0.020,5,2,9,7,0,8.4,Medium
1571,36,8,Finance,Mid,90,0.134,3,3,0,2,2,9.9,High
1572,46,14,Sales,Junior,10,0.941,2,5,0,4,4,3.9,High
1573,25,10,Engineering,Lead,69,0.210,2,5,2,7,0,1.6,High
1574,37,7,HR,Lead,71,0.458,2,1,9,2,2,3.3,Medium
1575,30,25,Sales,Lead,23,0.959,2,5,2,7,2,3.1,High
1576,30,14,Finance,Junior,29,0.099,4,2,2,5,0,8.8,Medium
1577,60,23,Marketing,Junior,90,0.447,4,4,6,8,4,4.7,High
1578,53,7,HR,Lead,47,0.729,2,4,1,8,1,8.6,High
1579,47,23,Marketing,Senior,72,0.356,5,4,8,10,1,7.7,High
1580,52,23,Marketing,Lead,97,0.210,1,1,9,6,4,3.4,Medium
1581,50,10,HR,Junior,87,0.326,2,3,2,9,2,5.8,High
1582,26,17,Engineering,Mid,82,0.130,2,2,7,2,2,6.5,Medium
1583,24,14,HR,Senior,97,0.305,5,3,3,9,1,4.8,High
1584,35,7,HR,Lead,2,0.824,2,2,0,7,3,9.2,Medium
1585,39,13,Engineering,Mid,60,0.801,1,4,8,7,3,1.7,High
1586,55,18,Marketing,Lead,16,0.866,4,3,0,10,1,1.5,High
1587,32,29,Engineering,Mid,27,0.659,3,5,9,4,0,2.5,High
1588,59,1,HR,Mid,40,0.922,4,5,8,4,4,4.1,High
1589,43,22,Finance,Mid,82,0.317,1,1,3,6,0,1.6,Medium
1590,38,15,Finance,Senior,40,0.475,2,3,7,10,2,2.7,High
1591,60,3,Engineering,Junior,47,0.338,2,1,6,5,0,0.9,Medium
1592,36,0,Marketing,Senior,93,0.436,4,4,2,4,3,6.1,High
1593,49,4,Marketing,Junior,30,0.003,4,5,9,10,2,5.9,High
1594,61,22,Marketing,Mid,3,0.091,3,5,9,5,4,6.7,Medium
1595,26,2,Engineering,Mid,82,0.463,1,5,4,5,0,7.6,High
1596,38,16,Finance,Lead,85,0.275,2,2,4,7,0,3.7,Medium
1597,38,9,Finance,Mid,92,0.650,1,3,2,3,1,1.1,High
1598,61,3,Finance,Senior,23,0.842,4,4,9,2,4,1.2,High
1599,33,20,Finance,Junior,96,0.292,1,2,3,10,3,0.5,High
1600,42,25,Finance,Senior,84,0.915,3,5,8,6,0,0.0,High
1601,23,26,Engineering,Junior,20,0.073,1,5,4,6,0,3.6,Medium
1602,31,3,Marketing,Lead,75,0.645,3,4,1,7,4,7.5,High
1603,30,5,Marketing,Lead,38,0.298,2,4,3,2,0,6.8,Medium
1604,22,29,HR,Junior,58,0.032,2,2,6,7,4,0.7,Medium
1605,50,17,Marketing,Lead,6,0.432,2,4,6,7,1,7.5,Medium
1606,44,8,Marketing,Mid,98,0.025,2,3,7,5,3,6.5,Medium
1607,24,29,Marketing,Senior,36,0.065,1,3,8,4,3,7.4,Medium
1608,56,16,Finance,Mid,16,0.080,4,1,8,9,0,9.3,Medium
1609,30,20,Finance,Mid,39,0.464,4,5,9,5,1,9.2,High
1610,43,14,Marketing,Lead,16,0.843,5,4,7,3,3,1.6,High
1611,57,20,Marketing,Lead,33,0.356,1,4,5,5,0,5.0,Medium
1612,61,18,Marketing,Junior,59,0.301,2,1,0,1,0,8.9,Medium
1613,47,10,HR,Junior,76,0.361,3,2,2,5,3,2.5,High
1614,22,26,Sales,Lead,6,0.050,3,4,2,7,0,0.4,Medium
1615,32,23,HR,Lead,58,0.455,3,4,9,7,2,7.1,High
1616,42,27,Engineering,Senior,50,0.831,3,2,5,2,4,2.6,High
1617,51,21,HR,Junior,68,0.903,4,1,6,4,4,0.7,High
1618,44,24,Marketing,Junior,44,0.018,5,4,3,7,4,2.2,High
1619,57,17,Sales,Mid,73,0.775,4,5,2,9,4,9.5,High
1620,49,7,Sales,Lead,83,0.133,3,1,7,10,2,2.6,High
1621,41,8,Sales,Senior,92,0.083,1,5,0,9,1,9.5,High
1622,45,19,Marketing,Lead,59,0.814,5,3,7,5,2,2.9,High
1623,27,12,Marketing,Junior,80,0.119,5,1,1,7,3,5.9,High
1624,25,1,Finance,Junior,99,0.452,2,1,9,3,1,5.4,Medium
1625,57,16,Engineering,Junior,18,0.389,4,3,0,4,0,9.2,Medium
1626,36,0,HR,Lead,76,0.510,3,5,7,2,4,4.2,High
1627,30,22,Finance,Senior,76,0.997,3,1,3,7,3,1.1,High
1628,47,4,Finance,Senior,18,0.819,3,4,5,4,1,4.5,High
1629,59,19,Sales,Senior,28,0.140,1,1,4,2,1,6.0,Low
1630,31,20,HR,Lead,96,0.639,4,2,7,10,0,0.5,High
1631,51,10,Finance,Mid,86,0.253,2,4,3,10,1,8.7,High
1632,29,22,HR,Senior,48,0.249,1,4,3,6,0,4.6,Medium
1633,52,21,Sales,Mid,61,0.027,4,2,1,4,3,1.3,High
1634,51,0,Sales,Junior,89,0.017,3,1,1,4,3,6.7,Medium
1635,44,2,HR,Mid,34,0.648,3,2,5,1,1,6.5,Medium
1636,43,24,HR,Junior,63,0.317,1,1,9,7,4,8.9,Medium
1637,39,5,Marketing,Senior,34,0.189,2,1,5,2,1,4.3,Low
1638,45,29,Finance,Junior,27,0.979,1,2,8,4,3,3.0,Medium
1639,25,23,HR,Lead,34,0.406,5,2,8,5,3,8.5,High
1640,43,29,HR,Senior,60,0.689,3,4,0,5,4,6.3,High
1641,52,7,Sales,Senior,74,0.419,2,3,1,10,4,1.5,High
1642,41,9,Sales,Senior,42,0.201,1,2,9,4,4,2.6,Medium
1643,37,17,HR,Junior,95,0.925,4,2,3,4,2,9.3,High
1644,31,24,HR,Lead,80,0.362,2,2,1,10,0,2.5,High
1645,56,5,Marketing,Mid,4,0.023,3,2,2,5,3,5.3,Medium
1646,55,28,Engineering,Mid,22,0.845,5,5,9,5,1,3.9,High
1647,42,11,HR,Senior,92,0.281,4,4,1,8,2,8.5,High
1648,40,19,Engineering,Mid,41,0.008,4,3,3,10,1,4.0,High
1649,41,21,HR,Lead,24,0.873,1,2,8,1,0,2.3,Medium
1650,49,15,Finance,Junior,40,0.059,5,1,4,1,4,8.4,Medium
1651,45,8,HR,Mid,75,0.114,4,5,8,6,1,6.0,High
1652,24,11,Finance,Lead,27,0.546,1,2,9,2,4,5.8,Medium
1653,42,1,HR,Lead,12,0.851,5,2,4,10,2,1.9,High
1654,40,7,Finance,Junior,59,0.498,2,3,5,10,1,1.7,High
1655,39,19,Sales,Senior,19,0.955,1,3,0,6,0,2.1,High
1656,42,21,Engineering,Senior,97,0.746,1,5,1,6,2,3.4,High
1657,23,17,HR,Senior,32,0.875,2,1,2,7,1,0.4,High
1658,43,5,Sales,Junior,47,0.418,3,3,5,7,3,2.9,High
1659,33,10,HR,Lead,92,0.946,4,3,0,3,1,9.1,High
1660,34,28,Finance,Lead,93,0.580,3,4,2,6,4,2.6,High
1661,44,12,Engineering,Lead,64,0.119,3,4,0,5,2,9.8,High
1662,48,6,Engineering,Junior,17,0.033,2,5,6,5,4,2.9,Medium
1663,34,1,Sales,Lead,77,0.041,2,1,3,3,4,8.7,Medium
1664,54,2,Marketing,Lead,7,0.665,2,3,9,10,2,9.2,Medium
1665,53,5,Finance,Mid,10,0.310,2,4,1,3,1,9.2,Medium
1666,45,15,HR,Lead,92,0.287,1,3,8,10,1,4.2,High
1667,26,10,Finance,Lead,64,0.343,3,2,3,2,3,5.5,High
1668,56,7,Finance,Junior,27,0.726,2,5,7,10,3,4.1,High
1669,54,0,Sales,Senior,34,0.045,3,1,5,3,0,3.3,Medium
1670,52,23,Finance,Mid,72,0.608,5,5,5,7,3,3.2,High
1671,23,6,HR,Lead,43,0.371,5,3,6,5,0,2.5,High
1672,28,28,Sales,Junior,27,0.798,4,3,3,4,0,9.7,High
1673,60,4,Marketing,Mid,12,0.118,4,4,4,7,3,2.8,High
1674,46,5,Engineering,Junior,11,0.103,5,5,3,2,1,6.4,High
1675,45,7,Sales,Senior,22,0.119,3,4,9,5,2,5.7,Medium
1676,51,20,Engineering,Junior,5,0.981,4,2,8,5,1,3.5,High
1677,58,16,Engineering,Lead,13,0.251,1,1,6,7,1,1.1,Low
1678,28,29,HR,Mid,1,0.112,5,2,3,4,1,9.0,Medium
1679,40,2,HR,Lead,21,0.023,3,4,3,10,4,7.8,High
1680,25,16,Sales,Senior,90,0.321,5,3,7,5,2,5.9,High
1681,53,29,Finance,Senior,82,0.787,1,5,2,10,3,8.3,High
1682,41,22,HR,Mid,61,0.469,4,5,9,6,2,6.5,High
1683,37,4,HR,Mid,23,0.472,1,3,6,9,0,4.0,Medium
1684,38,2,Sales,Junior,15,0.149,1,4,8,6,4,7.4,Medium
1685,42,19,Engineering,Senior,77,0.617,1,5,1,5,1,0.7,High
1686,32,3,Engineering,Lead,9,0.427,4,5,4,1,3,8.1,High
1687,51,8,Sales,Junior,5,0.037,1,3,4,6,3,8.5,Low
1688,25,26,HR,Lead,88,0.450,4,2,3,8,2,0.0,High
1689,58,0,Marketing,Senior,71,0.555,2,2,8,9,4,0.1,High
1690,54,10,Marketing,Mid,4,0.322,2,3,2,6,0,4.4,Medium
1691,25,0,HR,Senior,51,0.615,4,2,7,1,2,1.1,High
1692,32,16,Finance,Senior,77,0.084,5,3,7,1,3,6.7,High
1693,49,20,Sales,Lead,83,0.255,5,5,0,9,3,3.4,High
1694,26,11,Sales,Mid,66,0.058,3,3,4,8,4,4.2,High
1695,42,6,Marketing,Senior,95,0.256,5,1,8,3,2,6.9,High
1696,30,22,Engineering,Junior,97,0.570,1,1,8,4,4,2.7,High
1697,49,5,Marketing,Senior,99,0.752,2,5,6,4,2,9.7,High
1698,56,0,Engineering,Junior,21,0.921,3,5,5,1,1,9.6,High
1699,30,22,Marketing,Junior,57,0.439,5,1,0,7,1,10.0,High
1700,45,18,Engineering,Mid,85,0.784,4,3,4,6,2,5.3,High
1701,49,21,HR,Mid,24,0.851,3,3,4,9,3,0.2,High
1702,23,5,Sales,Senior,31,0.545,5,1,8,2,0,3.5,High
1703,61,25,Finance,Mid,51,0.149,4,3,7,9,3,7.3,High
1704,50,28,Finance,Senior,48,0.007,5,3,7,6,2,8.4,High
1705,24,8,Marketing,Lead,16,0.905,2,2,1,6,3,1.7,High
1706,37,26,HR,Senior,19,0.054,2,2,1,4,0,1.5,Medium
1707,27,2,HR,Lead,96,0.445,2,1,8,10,2,6.6,High
1708,60,1,Sales,Lead,50,0.993,5,2,8,1,3,5.0,High
1709,47,14,Engineering,Lead,7,0.051,5,4,8,2,3,6.2,High
1710,44,29,Engineering,Junior,61,0.072,3,4,9,2,4,1.1,High
1711,45,3,Engineering,Lead,84,0.155,1,2,9,10,0,3.5,Medium
1712,55,20,Marketing,Senior,9,0.708,3,3,1,3,0,7.9,Medium
1713,29,0,Sales,Lead,74,0.632,1,1,4,5,1,1.4,Medium
1714,50,9,Sales,Mid,86,0.250,1,3,3,3,2,6.4,Medium
1715,24,28,Sales,Lead,63,0.774,3,2,3,9,1,7.6,High
1716,57,28,Engineering,Junior,78,0.340,3,3,9,6,3,2.5,High
1717,52,12,Finance,Lead,11,0.596,5,5,3,9,4,8.3,High
1718,55,26,Engineering,Senior,17,0.701,2,1,7,3,0,6.4,Medium
1719,26,1,Sales,Senior,7,0.223,5,2,0,2,2,5.8,Medium
1720,36,15,HR,Mid,16,0.354,4,3,5,6,1,5.4,High
1721,56,23,HR,Junior,82,0.568,2,2,2,5,3,6.8,High
1722,33,11,Sales,Junior,7,0.687,4,2,8,8,0,3.9,High
1723,25,4,Marketing,Mid,12,0.976,4,5,3,1,2,0.0,High
1724,48,11,Marketing,Mid,0,0.808,3,3,7,2,0,6.6,Medium
1725,41,19,Marketing,Mid,85,0.321,2,4,2,7,1,1.9,High
1726,22,15,Finance,Senior,23,0.853,5,5,4,4,4,3.3,High
1727,60,5,Sales,Mid,0,0.206,3,5,7,8,3,1.1,High
1728,29,22,HR,Senior,39,0.425,3,4,9,6,2,4.7,High
1729,50,21,Finance,Junior,11,0.215,3,1,4,8,4,2.8,Medium
1730,42,5,Engineering,Lead,14,0.279,5,2,5,1,0,2.5,Medium
1731,38,15,Marketing,Mid,99,0.384,5,3,6,4,3,4.6,High
1732,51,23,Finance,Lead,61,0.075,3,3,3,4,4,7.4,High
1733,35,26,Sales,Senior,67,0.879,3,2,2,1,0,8.7,High
1734,31,6,HR,Mid,15,0.306,3,1,6,6,0,1.0,Medium
1735,49,20,Engineering,Lead,95,0.297,4,3,9,3,2,7.3,High
1736,47,24,Finance,Senior,16,0.808,5,3,3,1,2,3.5,High
1737,52,7,Sales,Junior,35,0.971,2,4,5,4,1,4.9,High
1738,48,28,Marketing,Mid,38,0.887,2,1,3,9,3,4.5,High
1739,37,22,Sales,Junior,45,0.165,1,3,3,5,3,1.3,Medium
1740,37,27,Sales,Senior,34,0.822,2,4,0,6,0,2.4,High
1741,23,6,Finance,Senior,20,0.130,5,5,2,3,1,3.9,High
1742,55,16,HR,Mid,4,0.831,1,5,1,3,0,1.9,High
1743,45,22,Finance,Senior,71,0.613,1,3,0,5,4,1.5,High
1744,60,5,Finance,Lead,1,0.907,2,3,1,2,1,0.9,High
1745,61,24,Sales,Senior,66,0.624,1,2,4,7,1,2.6,Medium
1746,29,24,Sales,Lead,72,0.083,4,4,9,5,1,2.3,High
1747,40,23,HR,Lead,37,0.758,2,1,3,5,4,8.0,Medium
1748,24,29,Sales,Senior,24,0.727,4,3,7,1,0,3.9,High
1749,24,28,Finance,Mid,98,0.060,2,3,9,3,3,0.2,High
1750,43,26,Finance,Junior,79,0.611,3,2,1,1,2,2.0,High
1751,26,22,HR,Lead,24,0.917,5,1,9,4,3,6.4,High
1752,30,15,Sales,Lead,4,0.443,5,1,0,10,4,3.8,High
1753,53,10,HR,Junior,91,0.286,4,5,8,5,2,5.9,High
1754,28,7,HR,Junior,27,0.238,5,2,5,8,1,0.5,High
1755,53,1,HR,Mid,26,0.998,4,5,7,1,0,7.0,High
1756,33,13,HR,Senior,15,0.638,2,2,5,5,3,6.0,Medium
1757,44,8,Engineering,Senior,56,0.852,2,5,3,7,3,9.7,High
1758,40,14,Finance,Senior,32,0.315,4,5,6,7,2,2.3,High
1759,29,13,Sales,Senior,55,0.645,2,2,2,5,0,2.4,High
1760,30,5,HR,Mid,81,0.001,1,1,8,4,2,0.0,Medium
1761,61,28,Sales,Lead,90,0.601,3,4,8,2,1,1.5,High
1762,60,6,Marketing,Senior,34,0.853,3,3,7,9,1,4.0,High
1763,42,22,Sales,Lead,63,0.469,4,5,2,2,0,0.1,High
1764,60,28,Engineering,Senior,82,0.056,1,5,0,5,0,9.6,Medium
1765,49,13,Marketing,Senior,40,0.829,1,2,7,6,3,3.3,Medium
1766,43,18,Finance,Junior,5,0.715,1,5,2,8,2,6.1,High
1767,59,14,Marketing,Junior,42,0.770,1,3,4,9,3,1.5,High
1768,32,28,Marketing,Senior,56,0.085,2,2,0,8,2,5.9,Medium
1769,60,14,Sales,Mid,47,0.162,4,4,0,6,4,8.5,High
1770,53,16,Engineering,Senior,97,0.766,1,5,9,4,4,1.5,High
1771,52,18,Finance,Lead,81,0.541,2,4,0,10,3,3.4,High
1772,29,6,Engineering,Senior,42,0.080,3,5,1,6,1,3.5,High
1773,32,18,Engineering,Junior,64,0.423,4,4,3,4,0,6.3,High
1774,31,24,Engineering,Lead,54,0.338,5,5,9,5,2,0.8,High
1775,60,17,Marketing,Junior,45,0.788,2,2,7,7,3,8.5,High
1776,44,21,Engineering,Mid,5,0.096,5,2,0,1,1,8.2,Medium
1777,24,27,Engineering,Junior,85,0.563,2,3,5,7,4,6.9,High
1778,42,1,Sales,Mid,27,0.589,2,3,0,4,1,0.0,High
1779,45,2,Finance,Lead,67,0.204,3,5,6,1,4,4.0,High
1780,42,9,Sales,Lead,14,0.861,1,2,4,4,0,3.6,Medium
1781,56,12,Engineering,Lead,6,0.363,3,2,1,8,2,9.2,Medium
1782,51,7,Engineering,Lead,71,0.018,5,5,6,4,1,9.3,High
1783,24,4,HR,Mid,69,0.774,1,4,0,8,4,5.4,High
1784,34,13,Finance,Senior,44,0.947,3,2,5,1,4,8.1,High
1785,31,1,Engineering,Lead,80,0.108,5,1,6,5,1,8.8,High
1786,41,11,Marketing,Senior,7,0.818,2,3,9,2,1,1.5,Medium
1787,53,28,Sales,Junior,8,0.620,1,2,3,9,4,7.6,Medium
1788,60,27,Marketing,Senior,50,0.865,1,4,9,7,1,4.4,High
1789,27,13,Sales,Junior,78,0.098,2,2,9,5,0,9.9,Medium
1790,36,6,Sales,Junior,48,0.346,3,2,6,5,2,3.7,Medium
1791,50,1,Engineering,Junior,63,0.051,4,5,6,7,2,1.0,High
1792,31,1,Sales,Mid,76,0.265,4,5,6,10,0,5.6,High
1793,22,10,HR,Lead,76,0.426,3,1,8,8,0,2.0,High
1794,32,8,Marketing,Mid,24,0.666,1,4,1,10,2,6.3,High
1795,23,25,HR,Senior,92,0.045,1,2,4,5,3,4.4,Medium
1796,50,18,Finance,Mid,51,0.693,1,5,7,9,4,4.6,High
1797,50,6,Marketing,Mid,19,0.349,3,5,9,8,1,3.1,High
1798,41,25,Marketing,Lead,1,0.035,2,5,6,8,3,4.5,Medium
1799,41,1,Marketing,Lead,33,0.450,4,5,7,5,4,8.2,High
1800,24,27,HR,Mid,22,0.936,3,2,5,2,2,8.4,Medium
1801,32,29,Marketing,Junior,46,0.526,4,5,4,5,4,4.1,High
1802,30,23,Sales,Mid,82,0.953,5,5,6,4,4,5.2,High
1803,51,0,HR,Senior,60,0.047,1,1,4,9,0,0.6,Medium
1804,28,4,Engineering,Mid,50,0.188,4,4,6,5,0,8.9,High
1805,52,1,Sales,Junior,76,0.863,5,5,1,5,4,8.6,High
1806,26,22,Engineering,Junior,41,0.687,4,1,0,6,1,2.7,High
1807,52,11,Marketing,Lead,8,0.996,4,1,7,3,0,0.5,High
1808,23,26,Sales,Senior,28,0.199,2,4,0,1,2,4.8,Medium
1809,30,9,Engineering,Junior,84,0.497,5,5,6,3,0,2.6,High
1810,43,20,HR,Lead,54,0.328,1,3,8,2,3,1.0,Medium
1811,59,9,Engineering,Mid,37,0.423,2,5,6,10,1,5.0,High
1812,56,23,Sales,Lead,45,0.395,4,4,5,8,3,9.2,High
1813,28,19,Sales,Senior,62,0.055,1,4,6,8,2,4.2,Medium
1814,24,17,Marketing,Senior,6,0.416,4,2,8,1,4,0.7,Medium
1815,44,1,Sales,Senior,33,0.577,1,1,4,4,1,4.5,Medium
1816,43,29,HR,Mid,37,0.067,4,2,1,1,1,2.8,Medium
1817,33,8,Finance,Lead,60,0.190,2,5,9,10,2,3.1,High
1818,29,14,Engineering,Senior,97,0.710,3,3,2,1,0,2.4,High
1819,24,0,Sales,Senior,26,0.853,4,5,5,4,0,3.9,High
1820,50,4,HR,Mid,64,0.989,4,5,2,7,2,3.4,High
1821,60,4,Marketing,Junior,0,0.511,4,2,6,10,1,6.9,High
1822,30,20,Engineering,Lead,43,0.431,4,3,3,5,4,1.4,High
1823,53,22,HR,Mid,22,0.716,2,3,4,8,4,2.2,High
1824,58,21,Finance,Senior,52,0.169,2,5,4,5,3,0.5,High
1825,50,0,HR,Senior,61,0.782,2,3,6,5,0,5.5,High
1826,33,19,HR,Senior,78,0.587,5,1,5,6,4,0.8,High
1827,31,12,HR,Junior,19,0.798,1,2,4,7,2,9.6,Medium
1828,49,11,Engineering,Lead,86,0.901,1,1,6,10,3,7.5,High
1829,46,7,Marketing,Mid,0,0.248,2,4,7,1,0,7.1,Low
1830,61,0,Finance,Senior,8,0.625,1,3,9,9,0,5.2,Medium
1831,57,5,Engineering,Mid,95,0.721,2,5,8,1,2,8.9,High
1832,40,11,Sales,Junior,41,0.405,2,1,3,9,2,0.5,High
1833,57,14,Engineering,Lead,85,0.741,1,4,7,1,0,10.0,Medium
1834,56,24,Marketing,Junior,80,0.604,4,3,4,6,4,7.8,High
1835,52,26,Engineering,Mid,30,0.765,1,2,9,10,0,0.5,Medium
1836,31,24,Engineering,Lead,3,0.210,4,3,7,10,3,9.2,Medium
1837,52,11,HR,Senior,34,0.633,2,5,9,7,4,5.9,High
1838,55,10,HR,Lead,82,0.318,4,1,0,2,4,9.6,High
1839,29,12,HR,Lead,13,0.892,3,4,8,5,1,6.3,High
1840,28,9,Finance,Mid,60,0.483,4,2,6,4,4,1.9,High
1841,34,5,Engineering,Senior,19,0.650,1,5,2,4,0,1.0,High
1842,39,17,Engineering,Lead,97,0.375,4,2,1,2,3,4.7,High
1843,47,13,HR,Lead,45,0.863,3,3,5,3,4,6.6,High
1844,50,13,Finance,Mid,97,0.872,4,3,6,10,3,1.3,High
1845,41,20,Marketing,Senior,9,0.185,4,4,6,2,0,9.5,Medium
1846,50,9,Sales,Lead,83,0.671,4,3,6,9,1,8.6,High
1847,34,9,HR,Lead,72,0.378,3,2,8,4,0,5.0,High
1848,50,11,Sales,Junior,22,0.885,1,3,4,3,4,4.3,High
1849,26,1,HR,Lead,35,0.536,3,5,2,7,2,0.6,High
1850,28,27,Finance,Junior,66,0.828,4,3,3,10,1,0.2,High
1851,37,26,Engineering,Junior,87,0.776,4,2,6,6,0,5.3,High
1852,36,13,Finance,Senior,49,0.370,2,2,4,10,3,3.6,High
1853,42,1,Sales,Mid,91,0.064,3,5,2,8,1,4.0,High
1854,38,18,Finance,Mid,92,0.015,4,4,6,4,0,2.1,High
1855,46,25,Marketing,Mid,67,0.649,4,3,8,5,0,4.7,High
1856,39,21,Finance,Junior,49,0.352,3,5,0,1,3,3.1,High
1857,30,9,Finance,Junior,57,0.956,2,5,1,7,3,6.2,High
1858,38,3,Marketing,Mid,1,0.829,2,4,8,7,2,8.3,Medium
1859,32,11,Engineering,Lead,90,0.072,5,3,2,6,0,9.2,High
1860,27,2,HR,Junior,58,0.255,2,3,9,2,0,6.2,Medium
1861,24,1,Marketing,Mid,10,0.905,3,3,1,6,0,3.2,High
1862,60,4,HR,Mid,22,0.156,3,3,4,6,2,7.2,Medium
1863,23,8,Sales,Junior,44,0.083,1,5,6,4,2,8.4,Medium
1864,29,20,Engineering,Mid,94,0.906,2,4,3,5,3,7.1,High
1865,52,14,Sales,Lead,80,0.242,1,2,1,6,3,2.6,High
1866,58,0,Engineering,Mid,53,0.964,2,5,8,7,3,5.5,High
1867,43,11,HR,Lead,37,0.929,5,1,3,5,3,3.8,High
1868,30,8,Finance,Senior,47,0.431,4,2,0,9,0,4.1,High
1869,23,11,Sales,Senior,71,0.171,4,5,1,10,4,6.1,High
1870,53,25,Sales,Lead,86,0.116,4,2,1,10,2,8.3,High
1871,59,27,HR,Lead,71,0.725,4,2,2,5,3,7.3,High
1872,25,19,Sales,Lead,54,0.359,3,4,9,5,1,0.6,High
1873,24,19,HR,Senior,32,0.570,3,2,4,1,3,0.4,High
1874,51,26,Finance,Senior,31,0.704,3,5,8,4,0,9.3,High
1875,35,3,Sales,Lead,58,0.412,1,2,8,5,0,7.6,Medium
1876,40,5,Engineering,Lead,45,0.299,5,5,0,7,0,6.6,High
1877,47,15,Finance,Mid,40,0.977,4,3,7,10,2,0.7,High
1878,45,26,Sales,Junior,70,0.125,2,2,9,1,2,5.0,Medium
1879,59,6,HR,Mid,43,0.011,5,2,9,7,2,4.0,High
1880,50,8,Sales,Lead,96,0.480,2,4,2,4,2,6.0,High
1881,27,25,Sales,Mid,86,0.407,2,2,2,2,4,3.2,High
1882,25,5,HR,Mid,8,0.735,2,5,7,4,3,1.6,High
1883,28,24,Engineering,Mid,32,0.834,5,3,0,2,2,0.7,High
1884,45,26,Sales,Senior,30,0.005,3,5,3,9,0,1.5,High
1885,51,7,Sales,Junior,58,0.874,3,3,1,6,1,4.4,High
1886,56,23,HR,Senior,57,0.249,5,3,7,6,0,4.5,High
1887,45,9,HR,Mid,63,0.507,1,2,2,2,1,1.6,Medium
1888,39,26,Engineering,Lead,29,0.423,5,3,5,3,0,9.8,High
1889,47,2,HR,Mid,59,0.249,2,1,8,9,0,6.2,Medium
1890,48,27,Finance,Junior,41,0.526,4,4,6,10,0,2.5,High
1891,45,10,HR,Senior,19,0.534,2,4,8,6,2,6.4,Medium
1892,22,8,Sales,Junior,42,0.033,1,5,1,8,3,3.4,High
1893,29,21,Sales,Lead,53,0.961,5,3,4,9,3,6.2,High
1894,25,7,HR,Senior,49,0.204,1,2,0,2,4,3.3,Medium
1895,46,4,Sales,Mid,9,0.876,1,3,6,9,3,3.9,High
1896,30,9,Sales,Lead,81,0.156,1,1,3,2,4,6.1,Medium
1897,54,12,Sales,Mid,74,0.200,2,5,3,9,1,2.9,High
1898,48,5,Engineering,Lead,66,0.896,3,1,8,3,1,3.8,High
1899,57,0,Sales,Senior,22,0.385,3,5,1,8,2,4.5,High
1900,42,20,Finance,Lead,7,0.236,3,3,6,8,1,0.5,Medium
1901,37,5,Marketing,Senior,25,0.026,5,4,3,9,2,2.5,High
1902,31,21,Engineering,Junior,76,0.365,5,4,3,7,4,8.3,High
1903,60,28,Marketing,Senior,51,0.460,3,5,7,6,3,0.4,High
1904,52,23,HR,Lead,34,0.895,1,1,6,4,3,5.1,Medium
1905,58,26,Sales,Lead,78,0.046,1,3,7,1,4,7.9,Medium
1906,27,19,HR,Junior,58,0.312,1,1,1,1,2,5.4,Medium
1907,25,6,Sales,Junior,46,0.038,5,1,0,8,1,0.7,High
1908,34,26,HR,Senior,68,0.169,4,4,7,5,3,9.3,High
1909,33,24,Marketing,Junior,15,0.266,1,3,6,4,4,4.0,Medium
1910,30,12,Finance,Senior,29,0.019,4,5,3,7,0,2.2,High
1911,25,13,Engineering,Mid,13,0.471,5,1,6,6,0,8.2,Medium
1912,48,2,Finance,Mid,82,0.595,4,3,8,3,3,5.6,High
1913,22,21,Engineering,Senior,37,0.443,3,2,6,9,4,9.5,High
1914,47,3,Sales,Mid,91,0.012,1,2,4,5,4,1.1,Medium
1915,22,15,Marketing,Mid,10,0.378,4,1,7,10,2,8.8,Medium
1916,50,21,Sales,Lead,98,0.136,2,4,4,3,3,6.2,High
1917,27,23,Finance,Junior,67,0.361,5,1,6,6,4,2.4,High
1918,50,29,Marketing,Lead,92,0.567,5,1,2,9,4,2.6,High
1919,39,7,Sales,Mid,82,0.947,4,5,6,4,2,3.6,High
1920,53,20,Sales,Mid,87,0.710,2,3,9,3,4,4.6,High
1921,23,16,Finance,Mid,9,0.367,3,1,3,6,2,6.8,Medium
1922,27,1,Engineering,Lead,7,0.244,2,1,8,3,3,2.0,Medium
1923,58,20,Sales,Mid,48,0.946,3,4,1,6,4,9.0,High
1924,42,15,Sales,Mid,71,0.242,5,3,8,1,3,9.0,High
1925,22,8,Finance,Senior,74,0.536,4,4,5,7,1,5.5,High
1926,28,18,HR,Senior,31,0.013,4,5,6,7,2,1.0,High
1927,34,10,Marketing,Mid,97,0.277,5,4,9,9,2,6.9,High
1928,27,23,Engineering,Junior,40,0.270,2,3,2,1,3,9.4,Medium
1929,61,7,Engineering,Mid,17,0.594,1,1,9,6,4,8.3,Medium
1930,55,29,Sales,Mid,60,0.308,5,4,9,5,3,8.8,High
1931,35,10,HR,Lead,5,0.234,1,1,4,2,4,9.3,Low
1932,24,8,Finance,Lead,88,0.050,5,3,0,5,4,4.8,High
1933,60,4,Marketing,Junior,29,0.649,1,3,4,3,1,7.8,Medium
1934,40,3,HR,Senior,9,0.312,5,1,8,10,0,8.9,Medium
1935,47,20,HR,Lead,95,0.881,5,2,4,1,2,8.9,High
1936,29,4,Sales,Junior,81,0.007,3,5,8,8,4,7.0,High
1937,34,20,Finance,Junior,22,0.927,5,1,5,5,0,5.2,High
1938,55,24,Marketing,Senior,64,0.121,2,4,2,7,0,9.5,Medium
1939,46,16,Finance,Junior,91,0.699,3,1,3,8,2,0.2,High
1940,52,28,Sales,Lead,0,0.953,3,1,2,1,4,8.1,Medium
1941,24,26,Engineering,Lead,65,0.200,2,4,8,4,4,9.0,Medium
1942,25,27,HR,Lead,48,0.705,4,3,3,4,1,0.9,High
1943,25,27,Sales,Mid,58,0.027,5,4,5,2,0,4.9,High
1944,56,21,Engineering,Lead,13,0.353,3,2,6,2,4,2.1,Medium
1945,27,8,Marketing,Senior,52,0.202,3,2,6,7,1,6.9,Medium
1946,39,10,Marketing,Senior,9,0.454,2,3,1,1,0,5.8,Medium
1947,39,9,HR,Junior,50,0.026,3,4,9,9,4,1.1,High
1948,46,4,Sales,Mid,62,0.699,3,5,1,5,4,4.7,High
1949,47,27,Engineering,Mid,55,0.289,2,1,5,3,1,8.8,Medium
1950,47,3,Marketing,Mid,61,0.344,2,4,0,9,0,2.3,High
1951,61,29,Engineering,Junior,43,0.529,2,1,4,4,1,5.0,Medium
1952,34,10,Marketing,Senior,40,0.074,1,4,1,1,1,7.3,Medium
1953,42,17,Engineering,Mid,95,0.490,3,3,5,10,3,1.4,High
1954,25,23,Finance,Lead,47,0.382,5,2,5,9,2,3.8,High
1955,28,9,Marketing,Senior,72,0.179,1,4,5,7,1,9.1,Medium
1956,33,22,Marketing,Senior,34,0.199,4,3,7,6,0,3.5,High
1957,61,16,Sales,Senior,90,0.049,3,1,6,5,4,1.9,High
1958,37,6,Engineering,Senior,32,0.873,4,2,7,6,4,7.6,High
1959,23,0,HR,Junior,47,0.942,4,5,5,8,0,9.4,High
1960,37,18,HR,Mid,47,0.909,5,5,8,2,3,3.6,High
1961,32,25,Engineering,Mid,87,0.675,1,1,1,8,4,5.5,High
1962,56,4,Engineering,Mid,81,0.449,5,2,2,2,0,5.3,High
1963,58,7,Finance,Senior,0,0.550,2,5,3,10,4,4.5,High
1964,23,3,Sales,Senior,87,0.606,3,5,0,8,4,6.2,High
1965,28,8,Marketing,Junior,3,0.200,3,3,2,2,0,4.9,Medium
1966,46,24,Engineering,Junior,80,0.742,5,2,5,1,1,6.1,High
1967,33,14,Marketing,Lead,27,0.310,2,3,5,1,2,7.7,Medium
1968,57,25,Finance,Senior,65,0.539,1,1,2,4,4,8.1,Medium
1969,61,13,Engineering,Lead,79,0.269,3,4,0,1,0,0.4,High
1970,25,14,Sales,Mid,88,0.184,5,2,3,3,3,0.9,High
1971,22,3,Marketing,Junior,32,0.980,5,4,5,6,4,6.5,High
1972,43,26,Finance,Lead,58,0.347,1,1,6,1,0,5.4,Low
1973,24,25,HR,Junior,97,0.624,4,1,2,10,1,4.6,High
1974,37,10,Marketing,Lead,73,1.000,5,1,5,2,2,7.8,High
1975,33,20,Marketing,Lead,77,0.903,1,3,7,5,0,4.7,High
1976,36,3,Engineering,Senior,22,0.042,3,5,6,9,3,6.0,High
1977,28,6,Marketing,Mid,79,0.575,3,5,6,6,4,7.9,High
1978,51,10,Marketing,Junior,66,0.612,3,4,5,2,0,9.2,High
1979,23,20,Finance,Lead,31,0.317,3,3,3,8,0,0.7,High
1980,34,0,HR,Lead,16,0.749,1,2,2,1,2,6.3,Medium
1981,24,1,Finance,Junior,61,0.508,2,5,1,4,4,6.5,High
1982,38,9,HR,Mid,90,0.487,3,5,7,9,3,1.1,High
1983,55,20,HR,Mid,15,0.303,3,5,3,3,2,2.2,High
1984,30,11,Marketing,Senior,42,0.914,2,1,2,7,4,3.9,High
1985,25,12,Engineering,Lead,38,0.951,4,4,9,2,0,6.9,High
1986,50,29,Marketing,Lead,20,0.599,2,4,6,10,1,3.3,High
1987,38,3,HR,Junior,45,0.900,4,2,9,9,0,5.6,High
1988,52,4,HR,Junior,98,0.426,1,5,6,2,4,7.9,High
1989,35,3,Engineering,Lead,78,0.134,3,3,2,1,2,7.2,High
1990,57,28,Finance,Mid,70,0.601,3,5,2,5,4,9.7,High
1991,39,21,Marketing,Mid,36,0.254,1,2,7,3,1,10.0,Low
1992,52,17,Engineering,Junior,33,0.739,3,1,0,3,0,9.4,Medium
1993,24,6,Marketing,Junior,98,0.272,5,2,9,7,0,1.4,High
1994,24,1,Sales,Mid,3,0.196,3,5,9,7,1,8.4,Medium
1995,57,28,HR,Junior,62,0.821,2,3,9,1,2,0.5,High
1996,25,29,Sales,Mid,82,0.646,5,5,9,7,1,3.0,High
1997,52,1,HR,Junior,44,0.523,3,3,7,10,1,5.5,High
1998,60,7,Sales,Junior,60,0.333,5,3,0,6,4,3.0,High
1999,50,11,Engineering,Mid,63,0.941,3,5,5,5,2,8.1,High
2000,60,8,Sales,Lead,81,0.413,3,5,0,1,2,2.4,High